name,gdp,sex_ratio,surface_area,life_expectancy_male,imports,homicide_rate,currency,iso2,urban_population_growth,secondary_school_enrollment_female,capital,forested_area,tourists,exports,life_expectancy_female,post_secondary_enrollment_female,post_secondary_enrollment_male,primary_school_enrollment_female,infant_mortality,gdp_growth,threatened_species,population,urban_population,secondary_school_enrollment_male,pop_growth,region,pop_density,internet_users,gdp_per_capita,fertility,refugees,primary_school_enrollment_male,unemployment,employment_services,employment_industry,employment_agriculture,co2_emissions,average_life_expectancy
Grenada,1169.0,101.5,345.0,70.1,470.0,10.8,E. Caribbean Dollar,GD,0.5,122.1,Saint George's,50.0,185.0,32.0,75.0,116.2,93.2,106.0,15.0,4.1,60.0,112.0,36.4,118.2,0.5,Caribbean,331.0,59.1,10485.9,2.1,0.0,107.7,,,,,,72.5317617866005
Switzerland,705141.0,98.5,41291.0,81.6,276292.0,0.6,Swiss Franc,CH,1.2,100.2,Bern,31.7,10362.0,313630.0,85.4,60.3,58.8,104.8,3.4,2.8,128.0,8655.0,73.8,104.7,0.8,Western Europe,219.0,89.7,82708.5,1.5,120.1,105.5,4.8,77.2,20.0,2.9,37.1,83.51435768261965
Sierra Leone,4101.0,99.6,72300.0,53.2,741.0,1.7,Leone,SL,3.3,41.1,Freetown,42.2,57.0,44.0,54.8,,,114.7,80.8,4.6,236.0,7977.0,42.5,42.5,2.1,Western Africa,110.5,9.0,536.1,4.3,0.4,110.8,4.4,39.1,6.5,54.4,,54.00160320641283
Hungary,157883.0,90.8,93024.0,73.0,116556.0,2.5,Forint,HU,0.2,103.6,Budapest,22.7,17552.0,121995.0,80.1,53.9,43.3,100.5,4.1,5.1,123.0,9660.0,71.6,103.4,-0.2,Eastern Europe,106.7,76.1,16264.0,1.5,6.4,101.1,3.5,62.6,32.8,4.6,45.8,76.72117400419286
Wallis and Futuna,,93.4,142.0,72.8,65.0,,Cfp Franc,WF,0.0,,Matu-Utu,41.6,,1.0,78.7,,,,5.2,,92.0,12.0,0.0,,-0.9,Polynesia,82.5,9.0,,2.1,,,,,,,,75.8506721820062
Barbados,5087.0,93.8,431.0,77.6,1618.0,9.8,Barbados Dollar,BB,-0.1,105.8,Bridgetown,14.7,680.0,462.0,80.4,90.6,40.3,97.5,10.0,-0.4,62.0,287.0,31.2,101.8,0.1,Caribbean,668.3,81.8,17745.9,1.6,0.0,101.2,10.9,78.5,18.9,2.6,,79.04478844169246
Tunisia,39895.0,98.4,163610.0,74.4,22453.0,3.1,Tunisian Dinar,TN,1.6,99.3,Tunis,6.7,8299.0,15489.0,78.5,41.2,22.8,114.9,12.7,2.5,107.0,11819.0,69.3,86.9,1.1,Northern Africa,76.1,64.2,3449.6,2.2,2.0,115.9,16.2,54.8,32.5,12.7,26.2,76.46653225806452
Italy,2084882.0,94.9,302073.0,81.0,473562.0,0.6,Euro,IT,0.3,100.9,Rome,31.6,61567.0,532684.0,85.4,71.5,53.0,100.3,2.6,0.8,482.0,60462.0,70.7,101.6,-0.0,Southern Europe,205.6,74.4,34388.5,1.3,261.4,103.4,9.8,70.8,25.6,3.6,321.5,83.25756798358132
Benin,10412.0,99.8,114763.0,59.8,3967.0,1.1,"Cfa Franc, Bceao",BJ,4.0,50.7,Porto-Novo,38.2,295.0,1706.0,62.8,7.5,17.0,118.0,61.1,6.5,106.0,12123.0,47.9,67.1,2.7,Western Africa,107.5,20.0,906.5,4.9,1.6,125.8,2.0,42.9,19.1,38.0,6.8,61.301501501501505
Indonesia,1042173.0,101.4,1910931.0,69.3,170727.0,0.4,Rupiah,ID,2.6,90.0,Jakarta,48.5,15810.0,167003.0,73.6,39.0,33.8,104.6,18.9,5.2,1654.0,273524.0,56.0,87.8,1.1,South-Eastern Asia,151.0,39.9,3893.5,2.3,14.0,108.1,4.8,49.6,22.7,27.7,496.4,71.43505461767627
Saint Kitts and Nevis,1011.0,97.0,261.0,,338.0,36.1,E. Caribbean Dollar,KN,0.8,108.7,Basseterre,42.3,125.0,63.0,,115.9,57.7,107.1,,2.9,57.0,57.0,30.8,105.1,0.9,Caribbean,218.5,80.7,19275.4,,0.0,110.4,,,,,,
Uganda,30098.0,97.2,241550.0,60.4,7686.0,10.5,Uganda Shilling,UG,6.0,21.8,Kampala,10.4,1402.0,3597.0,65.0,4.1,5.6,104.1,46.1,8.9,266.0,45741.0,24.4,27.5,3.6,Eastern Africa,228.9,23.7,704.4,5.0,2445.8,101.3,1.9,20.9,6.6,72.4,,62.73265720081137
Andorra,3238.0,102.3,468.0,,1538.0,0.0,Euro,AD,-1.7,,Andorra La Vella,34.0,3042.0,124.0,,,,,,1.6,15.0,77.0,88.0,,-0.2,Southern Europe,164.2,91.6,42051.6,1.2,,,,,,,,
Burundi,3285.0,98.5,27830.0,59.2,792.0,6.1,Burundi Franc,BI,5.6,51.1,Gitega,10.7,299.0,155.0,62.8,3.8,8.4,122.2,42.4,0.1,188.0,11891.0,13.4,45.8,3.1,Eastern Africa,463.0,2.7,294.0,5.4,121.2,120.7,1.4,6.5,1.4,92.0,,61.01360201511336
South Africa,368094.0,97.1,1221037.0,60.2,88037.0,36.4,Rand,ZA,2.2,109.0,Pretoria,7.6,10472.0,89396.0,67.1,26.4,18.4,99.1,27.2,0.8,597.0,59309.0,66.9,100.4,1.4,Southern Africa,48.9,56.2,6369.2,2.4,273.5,102.6,28.5,72.3,22.7,5.0,421.7,63.7007610350076
France,2778892.0,93.8,551500.0,79.4,651164.0,1.2,Euro,FR,0.8,104.1,Paris,31.0,89322.0,569757.0,85.4,72.8,58.7,102.2,3.0,1.7,366.0,65274.0,80.7,103.5,0.3,Western Europe,119.2,82.0,41358.1,1.9,473.4,102.8,8.3,77.7,19.9,2.4,306.1,82.49597523219815
Libya,34377.0,101.9,1676198.0,69.9,2450.0,,Libyan Dinar,LY,0.5,106.0,Tripoli,0.1,34.0,489.0,75.7,,,106.6,10.5,17.9,75.0,6871.0,80.4,90.2,1.4,Northern Africa,3.9,21.8,5147.3,2.2,321.4,111.3,18.6,59.5,21.7,18.8,41.5,72.7727092620109
Mexico,1223401.0,95.8,1964375.0,72.1,467293.0,29.1,Mexican Peso,MX,1.8,108.2,Mexico City,34.0,41313.0,472273.0,77.8,40.6,39.8,106.0,13.5,2.0,1656.0,128933.0,80.4,100.7,1.1,Central America,66.3,65.8,9694.9,2.1,302.1,105.5,3.6,61.4,26.2,12.4,446.0,75.01113381001021
Gabon,16994.0,103.7,267668.0,64.0,2548.0,,"Cfa Franc, Beac",GA,3.9,,Libreville,89.3,269.0,486.0,68.2,,,137.7,35.3,1.2,329.0,2226.0,89.7,,2.7,Middle Africa,8.6,62.0,8018.8,4.0,0.7,142.1,20.2,56.9,10.8,32.4,3.4,66.0618556701031
Northern Mariana Islands,,107.1,457.0,74.9,5734.0,,Us Dollar,MP,0.2,,Garapan,64.1,517.0,1895.0,77.9,,,,6.4,,105.0,55.0,91.7,,0.2,Micronesia,120.3,,,1.6,,,11.2,,,,,76.34857556735876
North Macedonia,12629.0,100.1,25713.0,73.6,9470.0,1.2,Denar,MK,0.2,80.3,Skopje,39.6,707.0,7186.0,77.6,48.6,36.7,97.1,10.7,3.3,133.0,2083.0,58.2,82.5,0.0,Southern Europe,82.6,79.2,6062.9,1.5,17.6,97.2,16.4,53.5,31.4,15.1,7.4,75.59900049975012
China,13608152.0,105.3,9600000.0,74.5,2070150.0,0.5,Yuan Renminbi,CN,2.9,88.0,Beijing,22.1,62900.0,2491820.0,79.0,55.9,45.9,100.8,9.9,6.6,1172.0,1439324.0,60.3,88.3,0.5,Eastern Asia,153.3,54.3,9531.9,1.7,322.4,99.7,4.4,47.1,28.2,24.7,9257.9,76.69191427179736
Yemen,26672.0,101.5,527968.0,64.4,4716.0,6.8,Yemeni Rial,YE,4.4,43.3,Sana'a,1.0,367.0,24.0,67.7,6.2,14.0,87.1,43.2,-1.3,313.0,29826.0,37.3,59.6,2.4,Western Asia,56.5,26.7,935.9,3.8,3922.9,99.9,12.8,61.4,10.0,28.6,8.9,66.03771712158809
Solomon Islands,1271.0,103.4,28896.0,71.1,348.0,3.8,Solomon Is. Dollar,SB,4.3,47.0,Honiara,78.1,28.0,611.0,74.6,,,106.0,15.5,3.9,256.0,687.0,24.2,49.5,2.6,Melanesia,24.5,11.9,1946.9,4.4,0.0,106.4,0.5,53.4,9.6,37.1,,72.82074729596852
Faroe Islands,,107.2,1393.0,78.3,1264.0,,Danish Krone,FO,0.5,,TãRshavn,0.1,,1950.0,84.5,,,,,,29.0,50.0,42.2,,0.4,Northern Europe,35.7,97.6,,2.4,,,4.0,66.7,22.2,11.1,,81.292277992278
Uzbekistan,50500.0,99.6,448969.0,69.4,21867.0,1.1,Uzbekistan Sum,UZ,1.5,92.7,Tashkent,7.6,5346.0,14930.0,73.6,8.2,11.8,103.4,20.8,5.1,62.0,33469.0,50.4,93.9,1.6,Central Asia,78.7,55.2,1555.0,2.4,95.9,105.0,6.1,46.8,29.9,23.3,81.2,71.50420841683366
Egypt,249751.0,102.1,1002000.0,69.5,78658.0,2.6,Egyptian Pound,EG,2.1,87.3,Cairo,0.1,11196.0,30633.0,74.1,35.8,34.6,106.5,15.6,5.3,172.0,102334.0,42.7,88.5,2.0,Northern Africa,102.8,46.9,2537.5,3.3,319.5,106.1,10.1,48.6,28.2,23.3,209.2,71.77610094012864
Senegal,23809.0,95.3,196712.0,65.3,8143.0,0.3,"Cfa Franc, Bceao",SN,3.9,45.7,Dakar,43.0,1365.0,4175.0,69.4,10.3,15.2,86.1,32.7,6.8,145.0,16744.0,47.7,41.7,2.8,Western Africa,87.0,46.0,1501.7,4.6,16.2,75.9,6.7,56.9,13.6,29.4,8.3,67.39933435739887
Sri Lanka,88942.0,92.1,65610.0,73.3,17992.0,2.4,Sri Lanka Rupee,LK,0.5,102.6,Colombo,33.0,2334.0,12589.0,80.0,23.4,15.8,99.6,7.6,3.2,641.0,21413.0,18.6,98.0,0.5,Southern Asia,341.5,34.1,4189.7,2.2,37.6,100.7,4.2,45.9,30.4,23.7,23.1,76.78776678813118
Palestine,16277.0,102.9,6020.0,72.2,6608.0,0.5,,PS,3.1,93.9,East Jerusalem,1.5,606.0,1124.0,75.5,54.3,34.5,98.7,17.5,1.2,39.0,5101.0,76.4,85.2,2.4,Western Asia,847.4,64.4,3347.0,3.7,0.0,98.5,26.1,62.4,31.7,5.9,,73.82641695416461
Bangladesh,269628.0,102.2,147570.0,70.5,66060.0,2.4,Taka,BD,3.5,78.3,Dhaka,11.0,1026.0,34186.0,74.1,17.0,24.0,120.8,26.8,7.9,165.0,164689.0,37.4,67.4,1.1,Southern Asia,1265.2,15.0,1670.8,2.1,911.8,112.4,4.2,40.6,21.6,37.7,78.3,72.28041543026706
Peru,222237.0,98.7,1285216.0,73.7,42376.0,7.9,Sol,PE,1.6,103.6,Lima,57.8,4419.0,46132.0,79.2,72.7,68.7,105.1,12.8,4.0,819.0,32972.0,78.1,109.3,1.6,South America,25.8,52.5,6947.3,2.3,860.1,108.8,3.2,57.5,15.3,27.2,49.7,76.4679919476598
Singapore,361115.0,109.8,719.0,81.2,358975.0,0.2,Singapore Dollar,SG,1.7,107.0,Singapore,23.1,14673.0,390332.0,85.5,91.2,78.9,100.6,1.6,3.2,326.0,5850.0,100.0,108.1,0.9,South-Eastern Asia,8357.6,88.2,62720.9,1.2,1.3,100.7,4.4,84.1,15.2,0.7,47.4,83.24957102001908
Turkey,771355.0,97.5,783562.0,74.3,210343.0,2.6,Turkish Lira,TR,2.4,103.4,Ankara,15.2,45768.0,180839.0,80.2,,,92.7,8.9,2.8,435.0,84339.0,75.6,108.5,1.4,Western Asia,109.6,71.0,9367.9,2.1,3940.1,93.6,12.9,55.9,26.1,18.0,378.6,77.2873417721519
Afghanistan,20514.0,105.4,652864.0,62.8,8370.0,6.7,Afghani,AF,4.0,40.0,Kabul,2.1,,1038.0,65.8,4.9,14.2,82.9,51.7,-1.7,40.0,38928.0,25.8,70.1,2.5,Southern Asia,59.6,13.5,551.9,4.6,2826.4,124.2,11.2,39.4,18.3,42.4,,64.26056475170398
Aruba,3203.0,90.2,180.0,73.6,1353.0,1.9,Aruban Florin,AW,0.5,112.1,Oranjestad,2.3,1082.0,84.0,78.4,20.7,10.7,115.2,13.6,0.9,44.0,107.0,43.5,110.2,0.5,Caribbean,593.1,97.2,30262.5,1.9,16.0,118.9,10.6,85.1,14.0,0.6,,76.1236593059937
Cook Islands,363.0,97.4,236.0,71.7,123.0,3.5,New Zealand Dollar,CK,-0.9,88.6,Avarua,62.9,169.0,6.0,79.6,42.7,35.8,107.5,3.6,5.7,77.0,18.0,75.3,84.8,0.1,Polynesia,73.0,,20705.2,2.6,,109.5,8.2,84.0,11.7,4.3,,75.70202634245187
United Kingdom,2855297.0,97.7,242495.0,79.4,692580.0,1.2,Pound Sterling,GB,1.0,127.7,London,13.0,36316.0,468160.0,82.9,69.4,51.0,101.0,3.8,1.4,176.0,67886.0,83.7,124.1,0.6,Northern Europe,280.6,94.9,42526.4,1.8,176.7,101.3,4.1,81.3,17.7,1.0,358.7,81.17035912999495
Zambia,27283.0,98.1,752612.0,60.3,7221.0,5.4,Zambian Kwacha,ZM,4.3,,Lusaka,65.4,1072.0,7029.0,66.2,3.5,4.8,99.9,45.6,4.1,107.0,18384.0,44.1,,2.9,Eastern Africa,24.7,14.3,1572.3,4.7,81.8,97.5,11.4,40.7,10.8,48.5,6.0,63.27829379101464
Finland,276878.0,97.3,338440.0,78.8,73335.0,1.6,Euro,FI,0.8,161.5,Helsinki,73.1,3224.0,72802.0,84.5,95.7,81.0,99.9,1.7,1.7,61.0,5541.0,85.4,146.8,0.2,Northern Europe,18.2,88.9,50135.7,1.5,35.0,100.4,6.7,74.5,22.0,3.5,42.6,81.68900152052711
Niger,421821.0,102.8,923768.0,53.3,72765.0,34.5,Naira,NG,4.6,39.8,Abuja,7.7,1889.0,79964.0,55.1,8.3,12.0,82.2,62.1,1.9,380.0,206140.0,51.2,44.1,2.6,Western Africa,226.3,42.0,2153.5,5.4,2211.1,87.2,8.0,53.1,12.2,34.7,86.0,54.187573964497034
Tokelau,,100.0,12.0,,1.0,,New Zealand Dollar,TK,0.0,77.8,Tokelau,0.0,,0.0,,,,125.0,,,54.0,1.0,0.0,85.5,1.6,Polynesia,135.7,,,2.1,,150.8,,,,,,
Guinea-Bissau,1459.0,95.8,36125.0,55.8,188.0,1.1,"Cfa Franc, Bceao",GW,3.6,,Bissau,70.1,45.0,3731.0,59.7,,,114.5,57.1,3.8,92.0,1968.0,43.8,,2.5,Western Africa,70.0,3.9,778.4,4.5,1.9,122.9,2.5,25.2,7.0,67.8,,57.79182839632277
Azerbaijan,46939.0,99.8,86600.0,70.3,13649.0,2.2,Azerbaijan Manat,AZ,1.7,94.5,Baku,13.8,2633.0,19636.0,75.3,29.7,25.9,100.0,20.8,1.4,102.0,10139.0,56.0,94.4,1.0,Western Asia,122.7,79.8,4717.7,2.1,625.2,99.5,6.0,49.5,15.0,35.5,30.8,72.80250250250249
Réunion,,93.8,2513.0,77.3,,1.8,Euro,RE,0.9,,Saint-Denis,35.1,535.0,,83.8,,,,2.7,,145.0,895.0,99.6,,0.7,Eastern Africa,358.1,,,2.3,,,28.9,81.7,12.7,4.3,,80.65397316821465
Djibouti,2923.0,110.7,23200.0,64.6,1344.0,,Djibouti Franc,DJ,1.8,52.9,Djibouti,0.2,63.0,143.0,68.7,4.6,6.0,75.1,33.4,5.6,110.0,988.0,77.9,51.2,1.6,Eastern Africa,42.6,55.7,3048.6,2.8,30.1,75.4,10.3,54.3,13.3,32.4,,66.54589463692454
Mauritius,14220.0,97.4,1969.0,71.4,5601.0,2.9,Mauritius Rupee,MU,-0.1,97.8,Port Louis,19.0,1399.0,1876.0,78.2,47.5,33.9,102.5,11.2,3.8,272.0,1272.0,40.8,92.5,0.2,Eastern Africa,626.5,58.6,11222.0,1.4,0.0,99.8,6.7,69.0,25.1,5.9,4.2,74.84478216818643
Montserrat,64.0,106.0,103.0,,35.0,20.3,E. Caribbean Dollar,MS,0.5,105.9,Brades Estate,25.0,9.0,6.0,,30.2,4.9,114.8,,3.7,62.0,5.0,9.1,94.5,0.5,Caribbean,52.4,54.6,12753.6,,0.0,104.6,5.6,,,,,
Colombia,330228.0,96.5,1141748.0,74.2,52696.0,25.3,Colombian Peso,CO,1.4,100.1,Bogota,52.7,3904.0,39489.0,79.8,59.7,51.1,112.8,12.6,2.7,1025.0,50883.0,81.1,95.0,1.4,South America,45.9,64.1,6649.6,1.8,9717.2,116.2,9.7,63.5,20.0,16.5,75.3,77.04987277353689
Greece,218139.0,96.4,131957.0,79.5,62198.0,0.9,Euro,GR,0.1,101.4,Athens,31.5,30123.0,37886.0,84.5,137.0,136.2,99.6,2.8,1.9,520.0,10423.0,79.4,107.5,-0.4,Southern Europe,80.9,73.0,20731.2,1.3,147.1,99.5,15.5,73.1,15.2,11.7,63.2,82.0458248472505
Croatia,60991.0,93.1,56594.0,75.0,28004.0,0.6,Kuna,HR,-0.1,101.8,Zagreb,34.0,16645.0,17063.0,81.4,78.8,57.4,96.5,4.0,2.7,212.0,4105.0,57.2,97.1,-0.6,Southern Europe,73.4,75.3,14674.0,1.4,8.3,96.4,7.1,66.8,27.5,5.8,16.2,78.31434489901605
Morocco,117921.0,98.5,446550.0,75.1,51075.0,1.4,Moroccan Dirham,MA,2.4,76.6,Rabat,12.6,12289.0,29328.0,77.5,35.7,36.2,111.5,19.9,3.7,238.0,36911.0,63.0,83.7,1.3,Northern Africa,82.7,64.8,3272.9,2.4,9.1,116.1,9.0,44.0,21.8,34.1,58.1,76.30906801007556
Algeria,173757.0,102.1,2381741.0,75.4,45140.0,1.4,Algerian Dinar,DZ,2.9,101.5,Algiers,0.8,2657.0,34571.0,77.8,64.4,38.8,107.3,21.2,1.4,155.0,43851.0,73.2,97.8,2.0,Northern Africa,18.4,49.0,4114.7,3.0,99.5,112.4,11.5,59.6,30.7,9.7,130.5,76.58753092528451
Netherlands,914105.0,99.3,41542.0,80.3,514513.0,0.6,Euro,NL,1.0,136.5,Amsterdam,11.2,18780.0,577617.0,83.8,90.9,79.3,104.2,2.5,2.6,71.0,17135.0,91.9,134.7,0.2,Western Europe,508.2,94.7,53583.1,1.7,109.1,104.2,3.0,82.2,15.8,2.0,155.6,82.05614651279477
Sudan,50515.0,99.8,,63.1,12286.0,5.1,Sudanese Pound,SD,2.8,47.0,Khartoum,,836.0,4127.0,66.8,17.1,16.8,74.4,42.9,-2.3,158.0,43849.0,34.9,46.3,2.4,Northern Africa,24.8,30.9,1208.4,4.4,2974.1,79.2,16.6,44.4,15.9,39.7,18.8,64.95185185185186
Fiji,5537.0,102.6,18272.0,65.6,2650.0,2.3,Fiji Dollar,FJ,1.7,94.3,Suva,55.7,870.0,1137.0,69.1,17.6,14.7,105.2,20.3,3.5,321.0,896.0,56.8,85.7,0.6,Melanesia,49.1,50.0,6267.0,2.8,0.0,107.6,4.1,51.0,13.3,35.7,,67.32754195459032
Liechtenstein,6796.0,98.4,160.0,,,2.6,Swiss Franc,LI,0.5,105.1,Vaduz,43.1,85.0,,,27.4,43.6,102.9,,2.0,13.0,39.0,14.4,129.1,0.7,Western Europe,241.5,98.1,179258.2,1.5,0.2,106.3,2.6,,,,,
Nepal,27830.0,84.5,147181.0,68.8,4737.0,2.3,Nepalese Rupee,NP,3.2,83.0,Kathmandu,25.4,1173.0,588.0,71.7,12.8,12.0,143.5,27.9,6.7,109.0,29137.0,20.2,77.4,1.5,Southern Asia,203.3,34.0,990.6,1.9,19.3,140.8,1.5,20.2,15.3,64.5,10.1,70.37181571815718
Puerto Rico,101131.0,90.0,8868.0,76.2,,21.1,Us Dollar,PR,-0.3,85.4,San Juan,55.9,3068.0,,83.3,116.2,79.8,82.8,5.5,-4.9,146.0,2861.0,93.6,78.7,-3.3,Caribbean,322.5,70.6,33271.2,1.2,,83.2,8.4,83.5,15.5,1.0,,79.93684210526315
Georgia,17600.0,91.1,69700.0,69.1,9098.0,2.2,Lari,GE,-0.7,106.8,Tbilisi,40.6,4757.0,3764.0,77.9,68.1,60.2,99.2,9.4,4.8,126.0,3989.0,59.0,105.3,-0.2,Western Asia,57.4,62.7,4396.7,2.1,287.4,98.1,14.7,44.5,14.2,41.3,8.7,73.70491889063318
Pakistan,282346.0,106.0,796095.0,66.1,50047.0,3.9,Pakistan Rupee,PK,2.7,39.1,Islamabad,1.9,966.0,23759.0,68.0,8.3,9.6,86.1,61.3,5.4,155.0,220892.0,36.9,45.9,2.0,Southern Asia,286.5,15.5,1330.4,3.6,1518.4,102.0,4.4,38.3,25.8,35.9,183.4,67.02233009708738
Monaco,7188.0,94.7,2.0,,,0.0,Euro,MC,0.6,,Monaco,,347.0,,,,,,,6.1,34.0,39.0,100.0,,0.5,Western Europe,26373.8,97.1,185835.0,,0.0,,,,,,,
Botswana,18615.0,93.9,582000.0,66.0,6559.0,15.2,Pula,BW,3.3,83.5,Gaborone,19.1,1623.0,5238.0,71.9,29.2,20.5,102.1,30.2,4.5,33.0,2352.0,70.2,76.4,2.1,Southern Africa,4.1,47.0,8258.2,2.9,2.3,104.4,18.7,61.5,18.1,20.4,7.7,69.04280556988138
Lebanon,56409.0,101.4,10452.0,77.0,18472.0,2.5,Lebanese Pound,LB,6.2,,Beirut,13.4,1964.0,3154.0,80.8,,,,9.4,0.2,109.0,6825.0,88.8,,0.9,Western Asia,667.2,78.2,8223.7,2.1,949.6,,6.3,64.3,22.3,13.4,26.9,78.88679245283018
Papua New Guinea,23077.0,104.3,462840.0,62.9,3130.0,9.8,Kina,PG,2.2,39.9,Port Moresby,74.1,140.0,11798.0,65.4,,,103.6,41.9,0.0,585.0,8947.0,13.2,54.7,2.0,Melanesia,19.8,11.2,2681.4,3.6,9.9,113.2,2.5,35.5,6.7,57.8,,64.12369065100343
Mayotte,2778892.0,93.8,551500.0,79.4,651164.0,1.2,Euro,FR,0.8,104.1,Paris,31.0,89322.0,569757.0,85.4,72.8,58.7,102.2,3.0,1.7,366.0,65274.0,80.7,103.5,0.3,Western Europe,119.2,82.0,41358.1,1.9,473.4,102.8,8.3,77.7,19.9,2.4,306.1,82.49597523219815
Dominican Republic,81299.0,99.8,48671.0,70.7,20599.0,10.0,Dominican Peso,DO,2.5,83.0,Santo Domingo,41.0,6569.0,11117.0,77.1,77.0,43.0,102.5,25.9,7.0,203.0,10848.0,81.8,77.0,1.1,Caribbean,224.5,74.8,7650.1,2.4,28.9,108.8,5.9,71.3,19.9,8.8,21.4,73.90320320320319
Qatar,191362.0,302.4,11607.0,78.9,29178.0,0.4,Qatari Rial,QA,6.7,102.7,Doha,0.0,1819.0,72935.0,81.8,54.9,7.0,104.4,6.3,1.5,50.0,2881.0,99.2,108.3,2.3,Western Asia,248.2,99.7,68793.7,1.9,1.5,103.3,0.1,44.5,54.4,1.2,80.1,79.620675944334
Madagascar,13851.0,99.6,587295.0,64.9,3603.0,,Malagasy Ariary,MG,4.7,37.1,Antananarivo,21.4,291.0,2689.0,68.1,5.2,5.5,143.1,29.0,4.6,2910.0,27691.0,37.9,36.0,2.7,Eastern Africa,47.6,9.8,527.4,4.1,0.2,142.0,1.8,27.1,9.1,63.8,,66.50320641282565
India,2779352.0,108.2,3287263.0,68.1,478884.0,3.1,Indian Rupee,IN,2.4,76.6,New Delhi,23.8,17423.0,323251.0,70.5,29.1,27.2,121.1,32.0,6.8,1118.0,1380004.0,34.5,73.9,1.0,Southern Asia,464.1,34.4,2054.8,2.2,206.6,105.6,5.4,32.3,26.2,41.5,2161.6,69.25273775216138
Syria,16628.0,100.2,185180.0,65.9,980.0,0.9,Syrian Pound,SY,-3.6,52.4,Damascus,2.7,5070.0,534.0,77.7,42.8,37.5,80.2,15.5,2.4,147.0,17501.0,54.8,52.7,-0.6,Western Asia,95.3,34.3,981.3,2.8,6386.7,83.1,8.4,63.0,26.5,10.5,23.0,71.7941058941059
Montenegro,5507.0,97.8,13812.0,74.2,2903.0,2.2,Euro,ME,0.6,90.5,Podgorica,61.5,2077.0,459.0,79.1,64.9,47.9,97.6,2.8,5.1,113.0,628.0,67.2,89.3,0.0,Southern Europe,46.7,71.5,8771.7,1.8,13.6,102.2,14.8,73.0,19.2,7.8,2.2,76.6772497472194
Eswatini,4711.0,96.7,17363.0,55.2,1832.0,11.6,Lilangeni,SZ,2.6,82.2,Mbabane,34.1,782.0,2002.0,63.9,6.6,7.0,110.3,41.4,2.4,41.0,1160.0,24.0,82.6,1.0,Southern Africa,67.5,47.0,4145.7,3.0,1.8,119.9,22.0,64.2,23.5,12.3,,59.622979156075246
Paraguay,40307.0,103.3,406752.0,72.1,12360.0,7.1,Guarani,PY,1.8,78.6,AsunciãN,38.6,1181.0,12425.0,76.2,40.9,28.6,103.0,19.0,4.0,67.0,7132.0,61.9,73.3,1.3,South America,18.0,65.0,5794.6,2.4,4.3,105.7,4.8,62.1,17.9,19.9,7.7,74.11672405312346
El Salvador,26057.0,88.0,21041.0,68.1,12018.0,52.0,Us Dollar,SV,1.7,71.4,San Salvador,12.8,1677.0,5943.0,77.5,31.1,27.5,93.3,14.6,2.5,107.0,6486.0,72.7,71.9,0.5,Central America,313.0,33.8,4058.2,2.1,75.3,96.3,4.2,62.0,22.1,16.0,5.7,73.1
Ukraine,130832.0,86.3,603500.0,66.8,60783.0,6.2,Hryvnia,UA,-0.4,95.0,Kyiv,16.7,14104.0,50060.0,76.6,88.8,76.8,100.1,7.2,3.3,132.0,43734.0,69.5,96.9,-0.5,Eastern Europe,75.5,62.6,2956.9,1.4,1540.4,98.0,8.9,61.1,24.8,14.1,171.3,72.06033279656467
Isle of Man,,98.2,572.0,,,0.0,Pound Sterling,IM,0.9,,Douglas,6.1,,,,,,,,,6.0,86.0,52.7,,0.6,Northern Europe,150.7,,,,,,2.6,83.3,14.8,1.9,,
Namibia,14519.0,94.1,824116.0,60.0,8086.0,17.7,Namibia Dollar,,4.6,70.0,Windhoek,8.4,1499.0,6258.0,65.8,30.3,15.3,122.1,33.4,-0.1,117.0,2541.0,51.0,61.5,1.9,Southern Africa,3.1,51.0,5930.1,3.4,4.3,126.4,20.6,61.8,16.4,21.8,4.0,62.9881504379186
United Arab Emirates,414179.0,223.8,83600.0,77.1,244712.0,0.5,Uae Dirham,AE,2.4,100.4,Abu Dhabi,4.5,21286.0,412260.0,79.1,,,107.3,5.5,1.7,69.0,9890.0,86.8,109.3,1.3,Western Asia,118.3,98.4,43005.0,1.4,8.7,109.4,2.4,64.4,34.2,1.4,196.5,77.7176652254478
Bulgaria,66199.0,94.4,111002.0,71.3,37902.0,1.3,Bulgarian Lev,BG,-0.2,96.8,Sofia,35.2,9273.0,33638.0,78.5,78.8,63.7,89.1,6.3,3.1,127.0,6948.0,75.3,99.5,-0.7,Eastern Europe,64.0,64.8,9387.8,1.6,21.2,89.6,3.8,63.7,30.1,6.3,42.8,75.0037037037037
Greenland,3052.0,112.1,2166086.0,69.1,738.0,5.3,Danish Krone,GL,0.3,,Nuuk,0.0,,771.0,73.6,,,,,3.2,27.0,57.0,87.1,,0.1,Northern America,0.1,69.5,53949.8,2.0,,,9.7,82.5,12.6,4.6,,71.2216407355021
Germany,3949549.0,97.8,357376.0,78.7,1240700.0,0.9,Euro,DE,0.3,95.2,Berlin,32.7,38881.0,1493090.0,83.6,70.7,69.8,104.2,3.2,1.5,200.0,83784.0,77.4,101.4,0.5,Western Europe,240.4,89.7,47513.7,1.6,1461.0,103.9,3.0,72.1,26.8,1.2,718.8,81.1772497472194
Cambodia,24572.0,95.4,181035.0,67.2,21413.0,1.8,Riel,KH,3.4,41.6,Phnom Penh,53.6,6201.0,14276.0,71.5,12.9,14.4,106.1,23.7,7.5,280.0,16719.0,23.8,48.7,1.5,South-Eastern Asia,94.7,40.0,1512.1,2.5,57.4,108.7,0.7,39.2,29.6,31.2,10.8,69.40061412487206
Iraq,212272.0,102.5,435052.0,68.3,31372.0,10.1,Iraqi Dinar,IQ,3.4,46.0,Baghdad,1.9,892.0,4658.0,72.4,12.0,20.1,99.1,24.1,-1.0,80.0,40222.0,70.7,61.4,2.5,Western Asia,92.6,75.0,5523.1,3.7,2132.4,117.8,12.8,59.9,22.4,17.8,139.9,70.3246913580247
Sweden,556086.0,100.4,438574.0,80.8,158710.0,1.1,Swedish Krona,SE,1.1,157.9,Stockholm,68.9,7440.0,160538.0,84.4,82.1,52.7,127.4,2.0,2.2,98.0,10099.0,87.7,148.1,0.7,Northern Europe,24.6,92.1,55766.8,1.8,310.4,125.8,6.7,80.7,17.7,1.6,37.6,82.59640718562873
Cuba,100023.0,98.6,109884.0,76.7,7498.0,5.0,Cuban Peso,CU,0.3,101.9,Havana,30.8,4684.0,828.0,80.7,51.0,32.3,99.6,4.5,2.2,357.0,11327.0,77.1,100.4,0.0,Caribbean,106.4,57.1,8821.8,1.6,0.3,104.1,1.6,65.9,16.8,17.3,26.2,78.71409869083585
Kyrgyzstan,8093.0,97.9,199949.0,67.2,5906.0,2.2,Som,KG,1.8,95.0,Bishkek,3.3,6947.0,2517.0,75.4,46.7,36.0,107.2,15.5,3.5,43.0,6524.0,36.6,95.1,1.8,Central Asia,34.0,38.0,1283.8,3.0,0.6,107.9,6.6,54.9,24.7,20.4,8.9,71.34350682162709
Russia,1660514.0,86.4,17098246.0,66.8,247161.0,8.2,Russian Ruble,RU,0.2,102.1,Moscow,49.8,24551.0,426720.0,77.5,89.1,75.0,102.3,5.8,2.3,279.0,145934.0,74.6,104.7,0.1,Eastern Europe,8.9,80.9,11394.1,1.8,135.5,102.8,4.4,67.8,26.6,5.6,1536.9,72.54034334763948
Malaysia,358579.0,105.7,330323.0,74.0,204906.0,2.1,Malaysian Ringgit,MY,2.7,85.4,Kuala Lumpur,67.6,25832.0,238089.0,78.1,49.9,40.7,106.0,5.9,4.7,1662.0,32366.0,76.6,78.8,1.3,South-Eastern Asia,98.5,81.2,11373.3,2.0,266.5,104.6,3.4,63.1,26.8,10.1,211.0,75.99319397180359
São Tomé and Príncipe,411.0,100.2,964.0,67.7,165.0,3.3,Dobra,ST,3.8,95.9,Sao Tome,55.8,33.0,14.0,72.4,13.7,13.1,105.0,26.4,2.2,108.0,219.0,73.6,82.9,1.9,Middle Africa,228.3,29.9,1948.1,4.4,,108.5,13.7,62.9,18.4,18.7,,70.04765234765236
Cyprus,24963.0,99.9,9251.0,78.6,9219.0,1.3,Euro,CY,0.7,99.5,Nicosia,18.7,3939.0,3528.0,82.8,82.4,69.6,99.4,3.5,4.1,84.0,1207.0,66.8,101.1,0.8,Western Asia,130.7,84.4,28967.6,1.3,33.3,99.3,7.2,81.7,16.3,2.0,6.4,80.70105052526263
Canada,1712562.0,98.5,9984670.0,80.2,453234.0,1.8,Canadian Dollar,CA,1.1,114.5,Ottawa,38.7,21134.0,446148.0,84.2,79.3,59.1,100.8,4.5,1.9,173.0,37742.0,81.5,113.0,0.9,Northern America,4.2,91.0,46192.4,1.5,189.8,101.1,5.4,79.2,19.4,1.4,547.8,82.21511335012595
Malawi,7196.0,97.3,118484.0,60.3,360.0,1.8,Malawi Kwacha,MW,3.9,39.9,Lilongwe,33.4,871.0,819.0,66.6,0.6,1.0,143.1,41.3,4.0,130.0,19130.0,17.2,40.6,2.7,Eastern Africa,202.9,13.8,396.6,4.2,39.3,141.8,5.7,43.0,13.8,43.2,,63.493106943740486
Saudi Arabia,782483.0,137.1,2206714.0,73.7,136472.0,1.3,Saudi Riyal,SA,3.1,106.8,Riyadh,0.5,15334.0,259208.0,76.5,69.9,66.3,100.3,6.3,2.2,144.0,34814.0,84.1,113.2,1.9,Western Asia,16.2,93.3,23217.2,2.3,72.5,99.2,5.9,72.9,24.8,2.3,532.2,74.88093631379165
Bosnia and Herzegovina,19782.0,96.0,51209.0,74.6,11159.0,1.2,Convertible Mark,BA,-0.3,,Sarajevo,42.7,1053.0,6578.0,79.6,,,,6.0,2.6,104.0,3281.0,48.6,,-0.9,Southern Europe,64.3,70.1,5951.4,1.3,151.7,,18.4,52.6,32.3,15.1,22.3,77.15102040816326
Ethiopia,80292.0,100.1,1104300.0,64.1,9675.0,8.8,Ethiopian Birr,ET,4.9,34.2,Addis Ababa,12.5,849.0,938.0,67.9,5.3,10.9,96.1,37.0,6.8,180.0,114964.0,21.2,35.6,2.6,Eastern Africa,115.0,18.6,735.1,4.3,5444.5,105.8,2.1,24.0,10.4,65.6,13.1,65.99905047476263
Spain,1419735.0,96.6,505944.0,80.6,375485.0,0.6,Euro,ES,0.1,126.9,Madrid,36.9,82773.0,337215.0,86.0,97.0,81.1,103.6,2.3,2.4,752.0,46755.0,80.6,125.2,0.0,Southern Europe,93.7,86.1,30405.8,1.3,149.1,101.9,13.0,75.8,20.2,4.0,253.4,83.3466937945066
Slovenia,54034.0,99.2,20273.0,78.2,38179.0,0.5,Euro,SI,0.7,117.1,Ljubljana,62.0,4425.0,37557.0,83.8,93.0,64.9,100.6,1.9,4.1,175.0,2079.0,54.8,114.2,0.1,Southern Europe,103.2,79.8,26005.1,1.6,1.2,100.2,3.8,61.5,33.5,5.1,13.4,81.01124497991968
Oman,92111.0,194.1,309500.0,75.8,23383.0,0.3,Rial Omani,OM,8.0,102.5,Muscat,0.0,2301.0,38723.0,80.0,55.6,26.4,108.6,7.3,2.1,112.0,5107.0,85.4,111.0,3.6,Western Asia,16.5,80.2,19072.8,2.9,0.6,98.6,2.6,62.7,32.8,4.4,65.5,77.2280856851411
Saint Pierre and Miquelon,,98.2,242.0,,3870.0,15.8,Euro,PM,0.1,,Saint-Pierre,12.2,,1112.0,,,,,,,19.0,6.0,89.9,,0.4,Northern America,27.9,,,,,,,,,,,
San Marino,1638.0,94.9,61.0,81.7,,0.0,Euro,SM,1.4,63.8,San Marino,0.0,84.0,,86.4,36.0,48.6,116.9,,1.1,2.0,34.0,97.4,71.5,0.5,Southern Europe,563.5,60.2,48472.7,,,100.4,6.6,65.4,34.3,0.3,,84.11149307337097
Lesotho,2631.0,97.4,30355.0,50.4,1171.0,43.6,Loti,LS,2.9,71.3,Maseru,1.6,1173.0,345.0,56.8,12.4,8.0,117.8,62.3,1.2,19.0,2142.0,28.6,52.8,0.8,Southern Africa,70.6,29.0,1248.0,3.2,0.1,124.1,22.8,49.6,41.9,8.4,,53.64214792299898
Marshall Islands,214.0,104.5,181.0,71.3,71.0,,Us Dollar,MH,0.8,66.6,Majuro,70.2,7.0,34.0,72.5,23.8,23.5,84.6,25.4,2.6,104.0,53.0,77.4,62.4,0.1,Micronesia,295.8,38.7,3666.9,4.1,,84.9,4.7,79.6,9.4,11.0,,71.88679706601467
Sint Maarten,914105.0,99.3,41542.0,80.3,514513.0,0.6,Euro,NL,1.0,136.5,Amsterdam,11.2,18780.0,577617.0,83.8,90.9,79.3,104.2,2.5,2.6,71.0,17135.0,91.9,134.7,0.2,Western Europe,508.2,94.7,53583.1,1.7,109.1,104.2,3.0,82.2,15.8,2.0,155.6,82.05614651279477
Iceland,25882.0,100.9,103000.0,81.2,6579.0,0.9,Iceland Krona,IS,0.6,116.9,Reykjavik,0.5,2344.0,5228.0,84.3,94.4,50.6,100.3,1.3,4.6,36.0,341.0,93.9,118.1,0.7,Northern Europe,3.4,99.0,76867.3,1.8,1.2,100.4,3.2,80.1,16.1,3.8,2.2,82.74305624688901
Luxembourg,70920.0,102.3,2586.0,79.8,23057.0,0.3,Euro,LU,2.6,104.8,Luxembourg,35.7,1018.0,15433.0,84.2,20.1,18.2,102.0,2.9,3.1,16.0,626.0,91.2,102.6,2.0,Western Europe,241.7,97.1,117369.5,1.4,5.7,102.6,5.2,87.5,11.5,1.0,8.6,81.97498764211566
Argentina,518475.0,95.3,2780400.0,73.0,49125.0,5.3,Argentine Peso,AR,1.2,111.0,Buenos Aires,9.9,6942.0,65114.0,79.8,112.8,67.8,109.6,10.2,-2.5,285.0,45196.0,92.0,106.5,1.0,South America,16.5,74.3,11687.6,2.3,165.6,109.9,10.4,78.9,21.0,0.1,183.4,76.48182283666154
Turks and Caicos Islands,1022.0,104.1,948.0,75.8,488.0,5.7,Us Dollar,TC,2.5,,Cockburn Town,36.2,441.0,5.0,77.8,,,,,5.3,65.0,37.0,93.4,,1.5,Caribbean,38.9,,27142.2,,0.0,,8.3,74.0,23.1,1.2,,76.77991180793728
Nauru,127.0,101.9,21.0,57.8,,,Australian Dollar,NR,2.3,83.6,Yaren,0.0,,,64.8,,,123.2,18.0,-4.0,86.0,11.0,100.0,81.9,-0.1,Micronesia,561.4,57.0,11875.9,3.9,1.2,129.7,23.0,,,,,61.26706290242694
Western Sahara,,109.5,266000.0,68.2,,,Moroccan Dirham,EH,1.9,,El Aai?N,2.7,,,71.9,,,,28.8,,58.0,597.0,86.8,,2.5,Northern Africa,2.2,,,2.4,,,9.4,54.5,25.7,19.8,,69.96610978520287
Dominica,551.0,103.0,750.0,73.8,304.0,26.6,E. Caribbean Dollar,DM,0.9,93.8,Roseau,57.8,63.0,18.0,78.2,,,113.2,,2.3,74.0,75.0,70.8,94.7,0.5,Caribbean,100.1,69.6,7691.3,,,116.2,,,,,,75.96748768472906
Costa Rica,60126.0,99.8,51100.0,77.4,16106.0,11.3,Costa Rican Colon,CR,2.5,137.7,San Josã,54.0,3017.0,11449.0,82.7,60.7,50.0,113.8,7.3,2.7,363.0,5094.0,80.1,128.1,1.0,Central America,99.8,74.1,12026.5,1.8,79.2,112.8,12.7,68.3,19.8,11.9,7.6,80.05265265265265
Australia,1453871.0,99.2,7692060.0,81.2,221481.0,0.9,Australian Dollar,AU,1.6,141.2,Canberra,16.2,9246.0,266377.0,85.2,133.3,93.8,100.3,3.1,2.0,1308.0,25500.0,86.1,159.0,1.3,Oceania,3.3,86.5,58392.7,1.8,129.2,100.3,5.3,77.7,19.8,2.5,384.6,83.20803212851406
Thailand,504992.0,94.8,513120.0,73.1,216805.0,2.6,Baht,TH,2.1,116.5,Bangkok,32.1,38178.0,233674.0,80.6,57.8,41.0,99.8,7.8,4.1,674.0,69800.0,50.7,118.9,0.3,South-Eastern Asia,136.6,56.8,7273.6,1.5,576.9,99.8,0.8,46.3,22.5,31.2,244.3,76.9501026694045
Haiti,9287.0,97.4,27750.0,61.4,3118.0,6.7,Gourde,HT,3.3,,Port-Au-Prince,3.5,447.0,746.0,65.7,,,,54.3,1.5,269.0,11402.0,56.2,,1.3,Caribbean,413.7,32.5,834.9,3.0,3.0,,13.9,65.0,6.6,28.3,3.3,63.578318135764945
Tuvalu,46.0,102.0,26.0,67.4,12.0,18.6,Australian Dollar,TV,2.6,71.2,Funafuti,33.3,3.0,0.0,71.9,,,82.5,10.3,7.0,99.0,12.0,63.2,62.5,0.9,Polynesia,383.3,49.3,4000.6,3.6,,89.4,6.5,,,,,69.62772277227724
Honduras,23970.0,99.9,112492.0,72.7,10059.0,38.9,Lempira,HN,3.0,55.9,Tegucigalpa,41.0,851.0,4161.0,77.3,30.3,22.2,91.5,15.0,3.7,342.0,9905.0,57.7,48.6,1.7,Central America,88.5,31.7,2500.1,2.5,251.6,91.6,5.2,50.2,19.7,30.1,9.4,75.00115057528764
Equatorial Guinea,13324.0,125.3,28052.0,57.3,3902.0,,"Cfa Franc, Beac",GQ,5.6,22.1,Malabo,55.9,,3939.0,59.4,,,61.6,66.1,-4.7,205.0,1403.0,72.6,29.9,3.7,Middle Africa,50.0,26.2,10179.2,4.6,,62.0,6.5,38.9,18.5,42.5,,58.23209054593874
Saint Lucia,1922.0,97.0,539.0,74.7,598.0,21.4,E. Caribbean Dollar,LC,0.6,89.4,Castries,33.3,395.0,55.0,77.4,18.7,9.4,103.2,12.5,0.9,69.0,184.0,18.8,89.3,0.5,Caribbean,301.0,50.8,10566.0,1.4,0.0,102.1,20.2,64.7,18.3,17.0,,76.07055837563452
French Polynesia,6100.0,102.6,4000.0,75.3,2102.0,0.4,Cfp Franc,PF,1.2,,Papeete,42.3,216.0,133.0,79.6,,,,6.7,2.5,181.0,281.0,61.9,,0.6,Polynesia,76.8,72.7,21967.5,2.0,,,11.9,78.6,14.6,6.8,,77.42240868706811
Belarus,59662.0,87.1,207600.0,69.3,39317.0,2.4,Belarusian Ruble,BY,0.7,101.7,Minsk,42.5,11502.0,32764.0,79.3,95.1,80.2,100.4,3.0,3.0,30.0,9449.0,79.0,103.1,0.0,Eastern Europe,46.6,79.1,6311.7,1.7,8.6,100.6,4.6,59.0,30.2,10.8,54.1,74.64473543559593
Latvia,34426.0,85.5,64573.0,69.9,17768.0,4.4,Euro,LV,-1.2,110.2,Riga,54.0,1946.0,14447.0,79.8,105.1,72.0,99.5,3.3,4.6,40.0,1886.0,68.2,111.3,-1.1,Northern Europe,30.3,83.6,17851.6,1.7,225.5,99.3,6.5,69.8,23.7,6.5,6.7,75.23692722371968
Palau,284.0,113.3,459.0,68.1,169.0,11.2,Us Dollar,PW,1.7,122.9,Melekeok,87.6,106.0,8.0,77.8,66.4,43.9,105.2,13.3,1.7,189.0,22.0,80.5,110.8,1.1,Micronesia,48.8,,15859.4,2.2,0.0,119.6,4.2,85.9,11.8,2.4,,72.64758556024378
Guadeloupe,2778892.0,93.8,551500.0,79.4,651164.0,1.2,Euro,FR,0.8,104.1,Paris,31.0,89322.0,569757.0,85.4,72.8,58.7,102.2,3.0,1.7,366.0,65274.0,80.7,103.5,0.3,Western Europe,119.2,82.0,41358.1,1.9,473.4,102.8,8.3,77.7,19.9,2.4,306.1,82.49597523219815
Philippines,330910.0,100.9,300000.0,67.1,117247.0,6.5,Philippine Piso,PH,2.1,90.6,Manila,27.0,7168.0,70927.0,75.3,40.4,30.8,105.5,19.7,6.2,884.0,109581.0,47.1,82.0,1.4,South-Eastern Asia,367.5,60.1,3102.7,2.6,226.8,109.4,2.2,57.6,19.8,22.5,126.5,71.18163265306121
Gibraltar,,101.8,6.0,,1052.0,3.0,Gibraltar Pound,GI,0.6,115.7,Gibraltar,0.0,,436.0,,,,103.7,,,36.0,35.0,100.0,119.1,0.4,Southern Europe,3500.0,94.4,,,,103.4,,,,,0.7,
Denmark,355675.0,98.9,42921.0,78.7,97196.0,1.0,Danish Krone,DK,0.6,129.8,Copenhagen,15.3,12749.0,109942.0,82.7,93.6,68.4,100.9,3.1,2.4,77.0,5792.0,88.0,128.4,0.4,Northern Europe,136.5,97.3,61833.7,1.8,47.4,101.6,4.8,79.6,18.3,2.1,31.3,80.71106083459024
Cameroon,38694.0,100.1,475650.0,57.5,3262.0,1.4,"Cfa Franc, Beac",CM,3.8,55.4,Yaoundã,39.8,1081.0,1750.0,60.0,11.4,14.1,98.0,61.2,4.1,890.0,26546.0,57.0,64.6,2.6,Middle Africa,56.2,23.2,1534.5,4.6,1463.2,108.7,3.4,42.1,15.1,42.9,6.2,58.74937531234383
Guinea,11640.0,93.7,245857.0,60.3,2032.0,,Guinean Franc,GN,3.1,31.0,Conakry,25.9,99.0,2384.0,61.5,7.0,16.2,82.4,51.6,5.8,365.0,13133.0,36.5,47.5,2.8,Western Africa,53.4,18.0,937.6,4.7,6.4,100.5,4.3,32.5,6.2,61.3,,60.91951471347445
Bahrain,37876.0,183.1,771.0,76.2,18680.0,0.5,Bahraini Dinar,BH,2.1,101.7,Manama,0.8,12045.0,14355.0,78.2,67.8,37.0,98.8,6.0,2.5,47.0,1702.0,89.4,95.8,4.3,Western Asia,2238.9,98.6,24133.5,2.0,0.3,100.0,0.8,64.0,35.1,1.0,29.8,76.90646414694454
Suriname,3458.0,101.0,163820.0,68.3,1711.0,5.4,Surinam Dollar,SR,0.9,88.6,Paramaribo,98.3,278.0,1461.0,74.8,,,108.7,17.5,2.6,88.0,587.0,66.1,67.1,1.0,South America,3.8,48.9,6003.7,2.4,0.4,109.0,7.5,69.1,23.5,7.4,1.9,71.53383084577113
Somalia,1494.0,99.4,637657.0,55.3,549.0,,Somali Shilling,SO,4.8,3.7,Mogadishu,10.1,,1179.0,58.7,,,16.6,69.3,3.1,199.0,15893.0,45.6,8.1,2.8,Eastern Africa,25.3,2.0,99.6,6.1,2694.7,30.1,11.4,13.4,3.5,83.0,,57.00511534603811
Czechia,245226.0,97.0,78868.0,76.5,178552.0,0.6,Czech Koruna,CZ,0.2,103.9,Prague,34.5,13665.0,198852.0,81.8,75.3,53.4,101.0,2.3,3.0,104.0,10709.0,73.9,103.1,0.2,Eastern Europe,138.6,80.7,22992.1,1.6,5.7,100.4,1.9,60.2,37.1,2.6,101.7,79.19035532994924
New Caledonia,10174.0,101.1,18575.0,74.7,2951.0,3.2,Cfp Franc,NC,2.1,,NoumãA,45.9,120.0,1674.0,80.2,,,,11.5,1.6,759.0,286.0,71.1,,1.0,Melanesia,15.6,82.0,36334.8,2.0,,,12.8,77.5,20.7,1.9,,77.4349577324714
Vanuatu,889.0,102.8,12189.0,68.8,289.0,,Vatu,VU,2.7,54.9,Port Vila,36.1,116.0,51.0,71.9,,,107.8,22.4,3.2,144.0,307.0,25.4,53.5,2.5,Melanesia,25.2,25.7,3037.2,3.8,0.0,110.7,4.4,38.4,6.3,55.3,,70.32859960552267
"Saint Helena, Ascension and Tristan da Cunha",,,308.0,,71.0,0.0,Saint Helena Pound,SH,-0.7,,Jamestown,5.1,,0.0,,,,,,,173.0,4.0,39.9,,0.5,Western Africa,10.6,37.6,,,,,2.0,72.7,20.0,7.3,,
Togo,5165.0,99.0,56785.0,59.7,1844.0,,"Cfa Franc, Bceao",TG,4.0,52.1,Lomã,3.5,573.0,917.0,61.4,9.8,19.2,121.5,49.7,4.9,94.0,8279.0,42.2,71.6,2.5,Western Africa,152.2,12.4,654.8,4.4,13.0,126.0,2.0,49.9,12.9,37.2,2.1,60.554271356783914
British Virgin Islands,1446.0,97.1,151.0,,538.0,8.3,Us Dollar,VG,2.8,107.1,Road Town,24.1,192.0,0.0,,20.9,11.7,125.9,,3.1,88.0,33.0,48.1,96.3,1.6,Caribbean,217.6,77.7,48511.3,,0.0,131.5,,87.4,11.1,0.5,,
Kenya,87906.0,98.8,591958.0,63.8,19845.0,4.9,Kenyan Shilling,KE,4.4,53.7,Nairobi,7.8,1364.0,6526.0,68.5,9.7,13.2,103.4,36.3,6.3,549.0,53771.0,27.5,59.9,2.3,Eastern Africa,94.5,17.8,1710.5,3.5,492.5,103.0,2.6,38.7,7.4,53.8,16.3,66.16418511066398
Niue,,100.0,260.0,70.1,,,New Zealand Dollar,NU,1.9,109.4,Alofi,69.6,10.0,,76.3,,,126.9,8.1,,56.0,2.0,45.5,89.5,0.1,Polynesia,6.3,79.6,,2.6,,127.5,,,,,,73.2
Rwanda,9510.0,96.7,26338.0,66.3,3214.0,2.6,Rwanda Franc,RW,2.6,43.3,Kigali,19.5,932.0,992.0,70.5,6.0,7.5,132.1,29.2,8.6,168.0,12952.0,17.3,38.5,2.6,Eastern Africa,525.0,21.8,773.0,4.1,150.1,134.0,1.0,29.2,9.1,61.7,,68.43523131672598
Estonia,30747.0,90.0,45227.0,74.0,18659.0,2.1,Euro,EE,-0.2,118.9,Tallinn,51.3,3234.0,16811.0,82.5,84.8,55.4,97.3,2.0,4.8,48.0,1326.0,69.1,116.2,0.2,Northern Europe,31.3,89.4,23241.9,1.6,77.0,97.2,5.4,67.6,29.4,3.1,16.0,78.47368421052632
Romania,239552.0,94.6,238391.0,72.4,96644.0,1.3,Romanian Leu,RO,-0.5,91.4,Bucharest,29.8,11720.0,77299.0,79.3,55.4,43.8,84.6,6.7,4.0,140.0,19238.0,54.1,91.1,-0.7,Eastern Europe,83.6,70.7,12280.8,1.6,4.8,85.7,3.9,48.6,30.1,21.3,70.8,75.94573484069888
Trinidad and Tobago,23808.0,97.5,5127.0,70.7,1951.0,30.6,Tt Dollar,TT,0.2,,Port Of Spain,45.7,375.0,12336.0,76.0,,,104.4,22.0,-0.2,126.0,1400.0,53.2,,0.4,Caribbean,272.8,77.3,17130.3,1.7,43.0,108.0,2.8,70.5,26.6,2.9,18.0,73.38354430379746
Guyana,3818.0,101.2,214969.0,66.7,3467.0,14.2,Guyana Dollar,GY,0.4,99.2,Georgetown,84.0,287.0,1405.0,72.9,15.4,7.8,96.0,26.8,3.4,122.0,787.0,26.7,96.3,0.5,South America,4.0,37.3,4900.8,2.5,36.5,99.6,11.8,60.3,22.9,16.8,,69.78151093439365
Timor-Leste,2581.0,102.2,14919.0,67.2,536.0,4.1,Us Dollar,TL,3.5,87.0,Dili,46.1,75.0,154.0,71.3,14.8,20.6,113.2,37.3,2.8,41.0,1318.0,30.9,80.3,1.9,South-Eastern Asia,88.7,27.5,2035.5,4.1,0.0,117.3,4.6,46.4,9.8,43.7,,69.2276953511375
Vietnam,244901.0,99.7,330967.0,71.2,253442.0,1.5,Dong,VN,3.2,,Hanoi,47.6,15498.0,264610.0,79.4,31.7,25.5,111.9,16.7,7.1,738.0,97339.0,36.6,,1.0,South-Eastern Asia,313.9,70.3,2563.2,2.1,34.1,109.5,2.0,35.4,28.4,36.2,191.2,75.3061592388583
Uruguay,59597.0,93.5,173626.0,73.9,8226.0,12.1,Peso Uruguayo,UY,0.5,126.6,Montevideo,10.5,3469.0,7886.0,81.3,58.0,34.5,107.6,8.7,1.6,116.0,3474.0,95.4,114.1,0.4,South America,19.8,74.8,17278.1,2.0,21.5,109.3,8.8,73.4,18.7,7.9,5.9,77.72428940568476
Vatican City,,219.2,0.0,,,0.0,Euro,VA,0.2,,Vatican City,,,,,,,,,,1.0,1.0,100.0,,0.1,Southern Europe,1820.5,,,,,,,,,,,
Hong Kong,362682.0,84.8,1106.0,81.8,578590.0,0.7,Hong Kong Dollar,HK,0.6,105.8,Hong Kong,,29263.0,535711.0,87.5,81.1,72.9,111.2,1.3,3.0,83.0,7497.0,100.0,109.1,0.8,Eastern Asia,7140.0,90.5,49199.0,1.3,0.1,106.4,4.3,88.3,11.5,0.2,44.0,84.88441558441558
Austria,455508.0,97.2,83871.0,78.9,176596.0,1.0,Euro,AT,0.7,98.3,Vienna,46.9,30816.0,171532.0,83.8,92.5,78.1,103.0,3.2,2.4,185.0,9006.0,58.5,102.5,0.7,Western Europe,109.3,87.5,51230.3,1.5,163.7,103.2,4.8,71.5,25.0,3.5,64.9,81.3847870182556
Antigua and Barbuda,1611.0,93.3,442.0,75.7,568.0,11.1,E. Caribbean Dollar,AG,0.1,109.1,Saint John's,22.3,269.0,37.0,77.9,34.3,15.3,104.6,5.2,7.4,61.0,98.0,24.5,113.3,0.9,Caribbean,222.6,76.0,16727.0,2.0,0.2,105.4,,81.6,15.6,2.8,,76.83812726332127
Turkmenistan,40749.0,97.0,488100.0,64.5,2764.0,4.2,Turkmen. Manat,TM,2.5,84.0,Ashgabat,8.8,8.0,3962.0,71.5,6.2,9.7,87.5,43.3,6.2,59.0,6031.0,52.0,87.6,1.6,Central Asia,12.8,21.3,6964.6,2.8,5.2,89.2,4.1,37.9,42.6,19.5,69.0,68.05329949238579
Mozambique,14717.0,94.5,799380.0,57.0,8270.0,3.5,Mozambique Metical,MZ,4.5,33.4,Maputo,48.2,2743.0,5878.0,62.8,6.5,8.1,108.4,53.9,3.4,426.0,31255.0,36.5,37.4,2.9,Eastern Africa,39.7,10.0,498.9,4.9,25.1,116.8,3.2,21.5,8.6,69.9,7.6,59.98200514138817
Panama,65055.0,100.2,75320.0,75.1,12836.0,9.4,Balboa,PA,2.2,78.3,Panama City,62.3,1785.0,713.0,81.5,58.6,37.3,93.4,14.1,3.7,400.0,4315.0,68.1,74.1,1.7,Central America,58.0,57.9,15575.1,2.5,113.5,95.4,3.8,67.5,18.8,13.7,9.6,78.2968031968032
Micronesia,371.0,103.4,702.0,66.1,8.0,,Us Dollar,FM,0.3,86.6,Palikir,91.8,19.0,1.0,69.4,,,96.0,23.5,1.4,170.0,115.0,22.8,79.9,1.1,Micronesia,164.3,35.3,3296.4,3.1,0.0,98.3,,,,,,67.72241887905605
Ireland,382674.0,98.6,69797.0,80.4,101473.0,0.9,Euro,IE,0.6,124.3,Dublin,10.9,10926.0,170743.0,83.7,82.0,73.7,100.7,2.7,8.2,79.0,4938.0,63.4,126.3,1.2,Northern Europe,71.7,84.5,79414.6,1.8,14.4,101.0,5.2,77.0,18.5,4.5,35.7,82.06163141993959
Curaçao,914105.0,99.3,41542.0,80.3,514513.0,0.6,Euro,NL,1.0,136.5,Amsterdam,11.2,18780.0,577617.0,83.8,90.9,79.3,104.2,2.5,2.6,71.0,17135.0,91.9,134.7,0.2,Western Europe,508.2,94.7,53583.1,1.7,109.1,104.2,3.0,82.2,15.8,2.0,155.6,82.05614651279477
French Guiana,,97.9,83534.0,76.7,,13.2,Euro,GF,3.1,,Cayenne,98.2,111.0,,83.0,,,,8.7,,79.0,299.0,85.6,,2.7,South America,3.6,,,3.4,,,21.3,58.3,14.9,,,79.8834259727135
Norway,434167.0,102.2,386194.0,80.2,86145.0,0.5,Norwegian Krone,NO,1.7,114.2,Oslo,33.2,5688.0,104030.0,84.2,98.7,66.3,100.2,2.1,1.3,115.0,5421.0,82.6,119.4,0.8,Northern Europe,14.8,96.5,81335.7,1.7,59.9,100.3,3.3,78.9,19.1,2.0,34.8,82.17823936696342
Central African Republic,2243.0,98.3,622984.0,50.5,89.0,20.1,"Cfa Franc, Beac",CF,1.1,13.8,Bangui,35.6,107.0,324.0,54.9,1.6,4.4,89.4,81.9,4.3,73.0,4830.0,41.8,20.5,1.4,Middle Africa,7.8,4.3,480.7,4.8,712.6,114.6,3.7,17.5,5.4,77.1,,52.71886031265758
Burkina Faso,16200.0,99.9,272967.0,60.1,5193.0,1.3,"Cfa Franc, Bceao",BF,5.2,40.7,Ouagadougou,19.6,144.0,2927.0,61.6,4.8,8.2,95.3,54.2,6.8,36.0,20903.0,30.0,40.7,2.9,Western Africa,76.4,16.0,820.2,5.2,196.3,96.9,6.4,41.4,33.9,24.7,,60.850375187593805
Eritrea,6855.0,100.5,117600.0,63.6,5677.0,,Nakfa,ER,3.6,45.4,Asmara,15.0,142.0,18.0,68.0,2.8,3.9,63.1,34.7,4.2,143.0,3546.0,40.7,49.9,1.2,Eastern Africa,35.1,1.3,1985.4,4.1,0.9,73.6,5.2,30.7,8.5,60.8,0.6,65.79451371571072
Tanzania,57145.0,99.9,947303.0,63.0,9434.0,6.5,Tanzanian Shilling,TZ,5.5,30.1,Dodoma,52.0,1378.0,4414.0,66.6,2.8,5.2,95.4,41.2,7.0,1259.0,59734.0,34.5,28.8,3.0,Eastern Africa,67.4,25.0,1044.1,4.9,320.3,93.0,2.0,28.3,6.8,64.9,10.1,64.80090045022511
Jordan,42231.0,102.6,89318.0,72.7,19669.0,1.4,Jordanian Dinar,JO,5.8,64.2,Amman,1.1,4150.0,8146.0,76.1,37.4,31.5,80.7,14.6,1.9,121.0,10203.0,91.2,62.1,1.9,Western Asia,114.9,66.8,4237.8,2.8,756.1,82.2,14.6,72.6,24.4,3.0,25.6,74.3781836130306
Mauritania,7620.0,100.9,1030700.0,63.0,3525.0,,Ouguiya,MR,4.8,37.1,Nouakchott,0.2,,2301.0,66.2,3.3,6.6,102.8,53.4,3.6,94.0,4650.0,54.5,36.5,2.8,Western Africa,4.5,20.8,1730.4,4.6,87.3,97.1,9.6,36.3,13.1,50.6,,64.59283225485316
Lithuania,53455.0,86.2,65286.0,70.0,35612.0,4.6,Euro,LT,-1.1,106.0,Vilnius,34.8,2825.0,33123.0,81.1,84.0,61.4,103.9,4.0,3.6,41.0,2722.0,67.9,110.6,-1.5,Northern Europe,43.4,79.7,19082.5,1.7,5.1,103.9,6.3,67.4,25.9,6.6,10.8,75.96133190118152
Slovakia,105956.0,94.9,49035.0,73.7,90979.0,1.1,Euro,SK,-0.2,91.6,Bratislava,40.3,2256.0,90050.0,80.8,56.6,37.1,98.4,4.8,4.0,116.0,5460.0,53.7,90.5,0.1,Eastern Europe,113.5,80.7,19430.8,1.5,2.5,99.0,5.1,61.8,36.1,2.1,32.2,77.34289379168804
Angola,105902.0,97.9,1246700.0,57.8,21340.0,4.8,Kwanza,AO,4.7,39.7,Luanda,46.4,218.0,50822.0,63.4,8.5,10.2,105.9,61.5,-1.2,171.0,32866.0,66.2,61.8,3.3,Middle Africa,26.4,14.3,3437.3,5.6,70.1,121.1,6.8,41.7,8.1,50.2,18.0,60.62971197574531
Kazakhstan,179340.0,94.3,2724902.0,68.8,38357.0,5.1,Tenge,KZ,1.7,113.8,Nur-Sultan,1.2,4560.0,57723.0,77.4,68.4,55.4,105.3,7.7,4.1,81.0,18777.0,57.5,112.7,1.3,Central Asia,7.0,78.9,9789.5,2.8,8.9,103.5,4.6,64.1,20.5,15.4,255.8,73.22614513638703
Moldova,11309.0,91.9,33846.0,67.4,5842.0,4.1,Moldovan Leu,MD,-0.2,86.5,Chisinau,12.4,160.0,2779.0,75.9,45.7,34.2,90.6,12.4,2.8,33.0,4034.0,42.7,87.3,-0.2,Eastern Europe,122.8,76.1,2791.0,1.3,4.2,90.6,5.4,47.5,17.1,35.4,7.5,71.8293903074518
Mali,17172.0,100.4,1240192.0,58.0,8277.0,,"Cfa Franc, Bceao",ML,5.0,37.0,Bamako,3.9,193.0,879.0,59.5,2.7,6.3,71.6,65.8,6.7,62.0,20251.0,43.1,45.0,3.0,Western Africa,16.6,13.0,900.1,5.9,182.9,79.5,7.3,30.2,7.6,62.3,,58.74850299401198
Falkland Islands,,110.5,12173.0,,8.0,,Falkland Islands Pound,FK,1.0,,Stanley,0.0,,2.0,,,,,,,24.0,3.0,78.1,,0.2,South America,0.2,99.0,,,,,1.2,,,,,
Armenia,12433.0,88.8,29743.0,71.1,5053.0,1.7,Armenian Dram,AM,0.2,84.8,Yerevan,11.7,1652.0,2612.0,78.3,62.6,47.1,92.7,10.8,5.2,119.0,2963.0,63.2,81.7,0.3,Western Asia,104.1,64.7,4212.1,1.8,19.0,92.7,16.6,53.6,17.5,28.9,5.2,74.91355932203389
Samoa,833.0,107.3,2842.0,71.1,390.0,3.1,Tala,WS,-0.4,98.0,Apia,60.4,164.0,32.0,75.2,,,110.4,13.4,0.7,100.0,198.0,18.1,88.8,0.5,Polynesia,70.1,33.6,4249.6,3.9,0.0,110.6,8.4,46.9,23.3,29.9,,73.07780993728895
Japan,4971323.0,95.4,377930.0,81.3,720895.0,0.3,Yen,JP,0.0,,Tokyo,68.5,31192.0,705640.0,87.5,,,,1.8,0.8,470.0,126476.0,91.7,,-0.2,Eastern Asia,346.9,91.3,39082.1,1.4,31.5,,2.3,72.6,24.1,3.4,1132.4,84.47297850562948
Bolivia,40288.0,100.7,1098581.0,68.3,9783.0,6.2,Boliviano,BO,2.1,88.8,Sucre,50.6,1142.0,8988.0,74.0,,,97.6,29.7,4.2,296.0,11673.0,69.8,90.7,1.4,South America,10.8,44.3,3548.6,2.8,0.9,98.6,3.4,50.3,19.4,30.4,21.9,71.14005979073244
Chile,298231.0,97.3,756102.0,77.4,69591.0,4.4,Chilean Peso,CL,1.0,102.0,Santiago,23.9,5723.0,69681.0,82.3,94.7,82.5,99.9,6.7,4.0,240.0,19116.0,87.6,101.6,1.2,South America,25.7,82.3,15923.4,1.6,385.5,102.9,7.1,69.2,22.0,8.8,86.1,79.88352762290927
United States,20580223.0,97.9,9833517.0,76.3,2567490.0,5.0,Us Dollar,US,0.9,98.7,"Washington, D.C.",33.9,79746.0,1644280.0,81.3,102.0,75.0,101.4,5.8,2.9,1655.0,331003.0,82.5,99.2,0.6,Northern America,36.2,87.3,62917.9,1.8,1043.2,102.2,3.9,79.0,19.7,1.3,4761.3,78.82652854977262
Saint Vincent and the Grenadines,811.0,102.7,389.0,70.1,335.0,36.5,E. Caribbean Dollar,VC,0.8,108.7,Kingstown,69.2,80.0,37.0,74.9,29.8,17.8,112.7,14.6,2.2,65.0,111.0,52.6,105.9,0.3,Caribbean,284.5,22.4,7361.3,1.9,,114.1,18.9,69.5,19.9,10.5,,72.46803157375432
Bermuda,6351.0,91.4,53.0,77.5,1204.0,8.1,Bermudian Dollar,BM,-0.6,81.5,Hamilton,18.5,282.0,23.0,85.1,22.9,15.3,100.2,,-0.4,80.0,61.0,100.0,72.6,-0.4,Northern America,1212.8,98.4,101207.9,1.5,,102.1,6.7,87.6,10.3,1.6,,81.47074190177638
Seychelles,1590.0,105.3,457.0,69.8,1438.0,12.5,Seychelles Rupee,SC,1.3,84.2,Victoria,88.4,362.0,824.0,77.3,23.3,11.2,103.3,10.9,7.9,451.0,98.0,57.1,78.8,0.7,Eastern Africa,213.8,58.8,16377.9,2.5,0.0,97.6,4.1,78.2,17.9,3.6,,73.4531904529956
Guatemala,78461.0,97.1,108889.0,71.0,19871.0,22.5,Quetzal,GT,2.7,51.4,Guatemala City,33.0,1781.0,11289.0,76.8,23.6,20.0,100.5,20.7,3.1,352.0,17916.0,51.4,54.0,1.9,Central America,167.2,65.0,4549.0,2.9,146.8,103.2,2.5,50.3,18.4,31.3,15.7,73.94266869609335
Ecuador,108398.0,100.1,257217.0,74.0,22425.0,5.8,Us Dollar,EC,1.8,102.8,Quito,50.5,2535.0,22245.0,79.6,48.4,41.5,104.1,13.6,1.4,2501.0,17643.0,64.0,100.1,1.7,South America,71.0,57.3,6344.9,2.4,420.5,102.4,4.2,52.5,18.2,29.4,34.3,76.79860069965017
Martinique,,85.2,1128.0,78.9,,2.8,Euro,MQ,-0.5,,Fort-De-France,45.8,537.0,,85.4,,,,5.6,,62.0,375.0,89.1,,-0.2,Caribbean,354.0,,,1.9,,,22.8,69.0,11.8,3.9,,82.40971922246221
Tajikistan,7523.0,101.6,142600.0,68.6,2773.0,1.6,Somoni,TJ,2.4,83.8,Dushanbe,3.0,1035.0,2065.0,73.0,26.9,35.5,100.3,29.3,7.1,48.0,9538.0,27.3,93.0,2.4,Central Asia,68.1,22.0,826.6,3.6,11.3,101.4,11.0,39.9,16.0,44.2,5.8,70.78253968253968
Malta,14549.0,100.6,315.0,80.4,8211.0,1.6,Euro,MT,0.6,104.7,Valletta,1.1,2599.0,4143.0,84.1,63.2,46.0,105.1,5.0,6.6,49.0,442.0,94.7,104.8,0.4,Southern Europe,1379.8,81.7,33122.8,1.4,10.7,104.9,3.4,81.0,18.0,0.9,1.5,82.24446660019939
Gambia,1633.0,98.4,11295.0,60.2,494.0,,Dalasi,GM,4.4,49.1,Banjul,48.2,552.0,25.0,63.0,2.2,3.2,102.5,44.8,6.5,87.0,2417.0,61.9,51.2,2.9,Western Africa,238.8,19.8,716.1,5.2,4.4,93.6,9.1,57.7,15.8,26.6,,61.61129032258064
Nigeria,421821.0,102.8,923768.0,53.3,72765.0,34.5,Naira,NG,4.6,39.8,Abuja,7.7,1889.0,79964.0,55.1,8.3,12.0,82.2,62.1,1.9,380.0,206140.0,51.2,44.1,2.6,Western Africa,226.3,42.0,2153.5,5.4,2211.1,87.2,8.0,53.1,12.2,34.7,86.0,54.187573964497034
Bahamas,12424.0,94.5,13940.0,71.5,4087.0,32.0,Bahamian Dollar,BS,1.5,71.6,Nassau,51.4,1633.0,494.0,75.9,,,81.2,5.9,1.6,96.0,393.0,83.1,67.3,1.0,Caribbean,39.3,85.0,32218.1,1.8,0.0,81.6,11.3,83.9,14.0,2.1,,73.76221079691517
Kosovo,50597.0,96.0,88499.0,73.2,26730.0,1.2,Serbian Dinar,RS,-0.1,95.6,Belgrade,31.1,1711.0,19630.0,78.4,78.3,56.7,100.3,4.9,4.4,86.0,8737.0,56.3,94.6,-0.3,Southern Europe,99.9,73.4,7208.8,1.5,250.7,100.3,12.7,57.6,27.4,15.1,46.1,75.8530612244898
Kuwait,141698.0,157.9,17818.0,74.6,40063.0,1.8,Kuwaiti Dinar,KW,5.4,101.0,Kuwait City,0.4,8508.0,81282.0,76.4,76.1,35.8,97.2,7.1,1.2,57.0,4271.0,100.0,94.9,2.1,Western Asia,239.7,99.6,34248.8,2.1,93.7,88.1,2.3,73.7,24.4,2.0,89.4,75.2979449398992
Maldives,5327.0,173.5,300.0,77.1,2883.0,0.7,Rufiyaa,MV,3.9,,Male,3.3,1484.0,163.0,80.4,59.8,16.6,98.1,6.8,6.9,80.0,540.0,40.2,,3.4,Southern Asia,1801.8,63.2,10330.6,1.9,,96.2,6.4,73.4,18.3,8.2,,78.30658135283363
South Sudan,8207.0,100.2,658841.0,56.0,1238.0,14.9,S. Sudanese Pound,SS,4.4,7.7,Juba,,,1091.0,58.9,,,60.4,64.4,3.4,61.0,11194.0,19.9,14.3,0.9,Eastern Africa,18.3,8.0,747.7,4.7,2189.6,85.3,12.3,29.7,14.1,56.1,1.5,57.448551448551456
Iran,473091.0,102.0,1628750.0,75.3,20502.0,2.5,Iranian Rial,IR,2.0,84.7,Tehran,6.6,7295.0,17394.0,77.6,62.9,73.3,113.9,12.8,-4.8,161.0,83993.0,75.4,87.9,1.4,Southern Asia,51.6,70.0,5783.5,2.2,979.5,107.7,11.2,51.9,30.3,17.8,567.1,76.43861386138613
Albania,15059.0,103.7,28748.0,76.7,5908.0,2.3,Lek,AL,1.8,95.7,Tirana,28.2,5340.0,2720.0,80.1,67.6,43.0,109.1,8.0,4.1,142.0,2878.0,61.2,95.2,-0.1,Southern Europe,105.0,71.8,5223.8,1.6,4.3,105.2,12.8,43.7,20.2,36.1,4.3,78.36912125675013
Brazil,1868613.0,96.6,8515767.0,71.9,177348.0,27.4,Brazilian Real,BR,1.2,102.4,Brasilia,59.0,6621.0,225383.0,79.3,59.4,43.5,113.4,13.0,1.1,1078.0,212559.0,86.8,99.3,0.8,South America,25.4,70.4,8920.7,1.7,271.6,117.4,12.0,71.3,19.6,9.1,427.6,75.66398779247203
Serbia,50597.0,96.0,88499.0,73.2,26730.0,1.2,Serbian Dinar,RS,-0.1,95.6,Belgrade,31.1,1711.0,19630.0,78.4,78.3,56.7,100.3,4.9,4.4,86.0,8737.0,56.3,94.6,-0.3,Southern Europe,99.9,73.4,7208.8,1.5,250.7,100.3,12.7,57.6,27.4,15.1,46.1,75.8530612244898
Belize,1871.0,98.9,22966.0,71.4,986.0,37.8,Belize Dollar,BZ,2.3,87.1,Belmopan,59.9,489.0,245.0,77.6,30.5,18.8,108.7,12.8,2.1,143.0,398.0,45.9,83.7,1.9,Central America,17.4,47.1,4884.7,2.3,6.5,114.6,6.4,67.7,15.7,16.6,,74.51714429361488
Myanmar,72745.0,93.0,676577.0,63.7,18578.0,2.3,Kyat,MM,1.5,71.3,Nay Pyi Taw,44.5,3551.0,17997.0,69.8,22.0,15.6,109.7,38.4,6.2,357.0,54410.0,30.9,65.6,0.6,South-Eastern Asia,83.3,30.7,1354.4,2.2,883.5,114.8,1.7,35.6,16.3,48.1,30.4,66.86062176165804
Bhutan,2658.0,113.4,38394.0,71.0,1049.0,1.2,Ngultrum,BT,3.7,95.7,Thimphu,72.2,274.0,659.0,71.6,15.5,15.6,100.2,24.1,5.8,101.0,772.0,41.6,84.7,1.2,Southern Asia,20.2,48.1,3523.8,2.0,,100.1,2.4,34.3,11.1,54.6,,71.28116213683224
Venezuela,208338.0,96.8,912050.0,68.4,1051.0,36.7,Bolavar,VE,1.4,91.6,Caracas,52.9,427.0,3783.0,76.1,100.3,59.3,96.0,25.7,-18.0,379.0,28436.0,88.2,84.7,-1.1,South America,32.2,72.0,7212.2,2.3,452.6,98.3,9.4,75.5,16.1,8.4,113.7,72.31260162601625
Liberia,2122.0,101.1,111369.0,62.2,345.0,3.3,Liberian Dollar,LR,3.4,32.9,Monrovia,43.4,,841.0,65.0,9.2,14.7,84.7,54.1,1.2,218.0,5058.0,51.6,42.8,2.5,Western Africa,52.5,8.0,440.3,4.4,8.8,85.5,2.7,46.9,10.1,43.0,,63.59234211834908
Jamaica,15714.0,98.5,10990.0,72.8,6339.0,43.9,Jamaican Dollar,JM,0.8,83.6,Kingston,31.0,2473.0,1586.0,75.9,34.7,19.9,88.9,11.8,1.9,323.0,2961.0,56.0,81.0,0.5,Caribbean,273.4,55.1,5354.3,2.0,0.0,93.0,8.0,68.1,16.2,15.7,7.0,74.3617128463476
Poland,585661.0,94.0,312679.0,74.5,246654.0,0.7,Zloty,PL,-0.2,108.1,Warsaw,30.8,19622.0,251865.0,82.4,81.9,54.4,100.0,3.3,5.1,95.0,37847.0,60.0,111.7,-0.1,Eastern Europe,123.6,77.5,15444.0,1.4,26.5,100.0,3.0,59.1,32.0,8.9,305.8,78.5721649484536
Cayman Islands,5485.0,100.4,264.0,76.3,1393.0,8.2,Cayman Islands Dollar,KY,1.5,,George Town,52.9,463.0,39.0,83.8,,,,,3.3,83.0,64.0,100.0,,1.3,Caribbean,266.2,81.1,85474.2,1.6,0.1,,6.3,83.6,15.5,0.8,,80.04251497005988
Brunei,13567.0,107.8,5765.0,74.5,5103.0,0.5,Brunei Dollar,BN,1.9,94.6,Bandar Seri Begawan,72.1,278.0,7039.0,76.9,38.7,24.8,103.6,7.9,0.1,275.0,438.0,77.9,92.4,1.1,South-Eastern Asia,83.0,94.9,31627.2,1.8,20.9,102.7,9.0,82.8,15.8,1.3,6.7,75.65495668912416
Comoros,1166.0,101.8,2235.0,62.3,201.0,,Comorian Franc,KM,2.7,61.4,Moroni,19.9,36.0,49.0,65.8,8.0,9.9,99.4,53.1,3.0,127.0,870.0,29.2,57.6,2.2,Eastern Africa,467.3,8.5,1400.5,4.2,0.0,99.6,4.4,37.0,13.0,49.9,,64.03439048562933
Guam,,101.8,549.0,76.5,,2.5,Us Dollar,GU,0.4,,HagãTãA,46.3,1549.0,,83.3,,,,8.7,,107.0,169.0,94.9,,0.8,Micronesia,312.5,80.5,,2.3,,,5.7,85.5,14.3,0.2,,79.86967294350842
Tonga,504.0,100.2,747.0,68.8,311.0,1.0,Pa'anga,TO,0.3,102.4,Nuku'alofa,12.5,54.0,15.0,72.7,,,116.0,12.5,-0.4,90.0,106.0,23.1,99.4,1.0,Polynesia,146.8,41.2,4885.8,3.6,0.0,116.7,1.2,47.1,29.2,23.7,,70.74805194805195
Kiribati,189.0,96.8,726.0,63.9,554.0,7.5,Australian Dollar,KI,3.5,91.4,Bairiki,15.0,7.0,10.0,72.0,,,104.9,43.0,2.3,108.0,119.0,54.8,82.7,1.5,Micronesia,147.5,14.6,1627.4,3.6,,97.9,30.6,61.8,16.1,22.1,,68.01585365853659
Ghana,65535.0,102.8,238537.0,62.6,10440.0,2.1,Ghana Cedi,GH,3.6,64.5,Accra,41.0,897.0,16768.0,64.7,13.6,17.7,105.6,35.6,6.3,255.0,31073.0,56.7,64.6,2.2,Western Africa,136.6,39.0,2201.6,3.9,13.4,104.1,4.5,49.4,22.2,28.5,13.8,63.63550295857987
Chad,11387.0,99.7,1284000.0,52.4,319.0,,"Cfa Franc, Beac",TD,3.8,14.2,N'djamena,3.9,87.0,613.0,55.2,1.5,5.0,75.5,74.5,2.4,48.0,16426.0,23.3,30.9,3.0,Middle Africa,13.0,6.5,735.7,5.8,667.4,98.2,1.9,21.6,2.1,76.3,,53.802103154732094
Zimbabwe,24312.0,91.3,390757.0,59.2,4787.0,7.5,Zimbabwe Dollar,ZW,1.8,51.3,Harare,36.4,2580.0,4279.0,62.2,9.2,10.9,108.7,38.7,4.8,122.0,14863.0,32.2,53.5,1.5,Eastern Africa,38.4,27.1,1683.8,3.6,20.8,111.1,5.0,27.2,6.5,66.3,9.7,60.76821745948771
Mongolia,13010.0,97.1,1564116.0,65.5,6039.0,6.2,Tugrik,MN,2.1,94.8,Ulaanbaatar,8.1,529.0,7433.0,73.8,76.7,54.7,102.8,18.1,6.7,43.0,3278.0,68.5,88.3,1.8,Eastern Asia,2.1,47.2,4103.7,2.9,0.1,105.3,6.0,53.6,19.5,26.9,19.3,69.71106037544394
Portugal,240792.0,89.8,92226.0,78.7,89929.0,0.8,Euro,PT,0.5,118.7,Lisbon,34.7,16186.0,67012.0,84.6,67.7,60.1,104.4,3.0,2.4,465.0,10197.0,65.8,121.1,-0.3,Southern Europe,111.3,74.7,23477.7,1.3,3.0,107.9,5.9,69.8,24.6,5.7,50.8,81.80853530031612
American Samoa,,103.6,199.0,71.1,,5.4,Us Dollar,AS,-0.1,,Pago Pago,87.7,20.0,,77.8,,,,9.6,,99.0,56.0,87.1,,0.1,Polynesia,279.0,,,2.6,,,9.2,73.8,23.2,3.0,,74.39076620825148
Republic of the Congo,14173.0,99.8,342000.0,62.7,2242.0,,"Cfa Franc, Beac",CG,3.3,48.8,Brazzaville,65.4,156.0,5576.0,65.6,10.1,15.2,110.5,35.3,1.0,155.0,5518.0,67.4,56.3,2.6,Middle Africa,16.2,8.6,2702.6,4.4,189.8,102.8,9.3,44.5,21.7,33.8,2.8,64.15145145145145
Belgium,543026.0,98.3,30528.0,79.0,426489.0,1.7,Euro,BE,0.7,167.8,Brussels,22.6,9119.0,445214.0,83.7,90.5,69.3,104.0,2.8,1.5,66.0,11590.0,98.0,149.7,0.5,Western Europe,382.7,88.7,47293.0,1.7,83.5,103.9,5.7,78.4,20.6,0.9,90.4,81.37014624306606
Israel,370588.0,99.1,22072.0,81.0,76579.0,1.5,New Israeli Sheqel,IL,1.7,106.0,Jerusalem,7.6,4121.0,58488.0,84.3,74.5,52.8,105.4,2.7,3.4,207.0,8656.0,92.5,104.2,1.6,Western Asia,400.0,83.7,44214.9,3.0,55.1,104.4,3.8,82.3,16.8,0.9,63.8,82.65745856353591
New Zealand,207921.0,96.7,268107.0,80.3,42271.0,0.7,New Zealand Dollar,NZ,1.1,118.2,Wellington,38.6,3686.0,39540.0,83.8,97.2,67.9,100.2,3.8,2.8,261.0,4822.0,86.6,111.1,0.9,Oceania,18.3,90.8,43836.2,1.9,2.6,99.8,4.0,75.1,19.4,5.6,32.2,82.07935943060498
Nicaragua,13118.0,97.2,130373.0,70.6,8426.0,7.2,Cordoba Oro,NI,1.5,78.0,Managua,25.9,1256.0,3998.0,77.7,,,120.1,16.8,-3.8,161.0,6625.0,58.8,69.1,1.2,Central America,55.0,27.9,2028.9,2.4,0.8,121.1,7.4,53.8,15.6,30.6,5.1,74.20040567951318
Anguilla,293.0,97.6,91.0,,283.0,28.3,E. Caribbean Dollar,AI,1.2,114.3,The Valley,61.1,55.0,12.0,,7.6,1.6,119.0,,-5.0,60.0,15.0,100.0,114.2,0.9,Caribbean,169.8,81.6,19890.7,2.0,0.0,124.2,,,,,,
South Korea,17487.0,95.7,120538.0,68.3,3273.0,,North Korean Won,KP,0.8,93.3,Pyongyang,41.8,,1080.0,75.4,18.2,35.5,112.8,13.9,-4.1,88.0,25779.0,62.1,92.3,0.5,Eastern Asia,214.1,0.0,687.9,1.9,,112.8,2.8,35.7,13.2,51.1,19.6,
North Korea,17487.0,95.7,120538.0,68.3,3273.0,,North Korean Won,KP,0.8,93.3,Pyongyang,41.8,,1080.0,75.4,18.2,35.5,112.8,13.9,-4.1,88.0,25779.0,62.1,92.3,0.5,Eastern Asia,214.1,0.0,687.9,1.9,,112.8,2.8,35.7,13.2,51.1,19.6,
